,low,medium,high
0,-0.3347810082152974,0.0,0.3347810082152974
